{
  "kind": "hud_rgb",
  "version": "v1",
  "charClasses": "0123456789.%",
  "numClasses": 12,
  "inputShape": [
    1,
    3,
    28,
    28
  ],
  "valAccuracy": 0.972488038277512,
  "trainSamples": 4732,
  "valSamples": 836,
  "perClassCounts": {
    "0": 124,
    "1": 95,
    "2": 51,
    "3": 40,
    "4": 47,
    "5": 30,
    "6": 53,
    "7": 41,
    "8": 41,
    "9": 46,
    ".": 45,
    "%": 83
  },
  "perClassValAccuracy": {
    "0": 0.9463087248322147,
    "1": 0.9838709677419355,
    "2": 0.9696969696969697,
    "3": 1.0,
    "4": 0.9666666666666667,
    "5": 1.0,
    "6": 0.9310344827586207,
    "7": 1.0,
    "8": 0.9516129032258065,
    "9": 1.0,
    ".": 1.0,
    "%": 0.98
  },
  "perClassValSamples": {
    "0": 149,
    "1": 124,
    "2": 66,
    "3": 41,
    "4": 60,
    "5": 28,
    "6": 58,
    "7": 49,
    "8": 62,
    "9": 50,
    ".": 49,
    "%": 100
  },
  "confusionMatrix": [
    [
      141,
      0,
      0,
      0,
      1,
      0,
      0,
      0,
      0,
      0,
      0,
      7
    ],
    [
      0,
      122,
      2,
      0,
      0,
      0,
      0,
      0,
      0,
      0,
      0,
      0
    ],
    [
      2,
      0,
      64,
      0,
      0,
      0,
      0,
      0,
      0,
      0,
      0,
      0
    ],
    [
      0,
      0,
      0,
      41,
      0,
      0,
      0,
      0,
      0,
      0,
      0,
      0
    ],
    [
      1,
      0,
      0,
      0,
      58,
      0,
      1,
      0,
      0,
      0,
      0,
      0
    ],
    [
      0,
      0,
      0,
      0,
      0,
      28,
      0,
      0,
      0,
      0,
      0,
      0
    ],
    [
      2,
      0,
      0,
      0,
      0,
      0,
      54,
      0,
      1,
      0,
      0,
      1
    ],
    [
      0,
      0,
      0,
      0,
      0,
      0,
      0,
      49,
      0,
      0,
      0,
      0
    ],
    [
      0,
      0,
      0,
      0,
      1,
      0,
      2,
      0,
      59,
      0,
      0,
      0
    ],
    [
      0,
      0,
      0,
      0,
      0,
      0,
      0,
      0,
      0,
      50,
      0,
      0
    ],
    [
      0,
      0,
      0,
      0,
      0,
      0,
      0,
      0,
      0,
      0,
      49,
      0
    ],
    [
      2,
      0,
      0,
      0,
      0,
      0,
      0,
      0,
      0,
      0,
      0,
      98
    ]
  ],
  "augmentationPerSample": 8,
  "trainedAt": "2026-05-11T22:27:05",
  "trainingSeconds": 18.612749576568604,
  "modelPath": "C:\\Users\\prjgn\\AppData\\Local\\SC_Toolbox\\current\\tools\\Mining_Signals\\.claude\\worktrees\\agent-a1ea12475a3996727\\ocr\\models\\model_hud_rgb_cnn.onnx",
  "stagingDir": "C:\\Users\\prjgn\\AppData\\Local\\SC_Toolbox\\current\\tools\\Mining_Signals\\.claude\\worktrees\\agent-a1ea12475a3996727\\training_data_user_panel_rgb",
  "notes": "HUD-specific RGB per-glyph CNN. 12 classes (0-9, '.', '%') covering mass / resistance / instability fields. RGB twin of model_hud_cnn.onnx; preserves cyan-vs-bg colour and chromatic-aberration patterns that the grayscale CNN collapses to luma. Trained ONLY on HUD-registered sources (training_data_user_panel_rgb/ extracted from training_data_hud_crops/). Never shares training data with the signature RGB CNN \u2014 HUD font and Signature font are structurally different."
}