{
  "kind": "hud_rgb",
  "version": "v1",
  "charClasses": "0123456789.%",
  "numClasses": 12,
  "inputShape": [
    1,
    3,
    28,
    28
  ],
  "valAccuracy": 0.975609756097561,
  "trainSamples": 4644,
  "valSamples": 820,
  "perClassCounts": {
    "0": 123,
    "1": 95,
    "2": 48,
    "3": 39,
    "4": 46,
    "5": 30,
    "6": 49,
    "7": 41,
    "8": 40,
    "9": 46,
    ".": 44,
    "%": 82
  },
  "perClassValAccuracy": {
    "0": 0.9594594594594594,
    "1": 0.9672131147540983,
    "2": 0.9841269841269841,
    "3": 1.0,
    "4": 0.9833333333333333,
    "5": 1.0,
    "6": 0.9038461538461539,
    "7": 1.0,
    "8": 1.0,
    "9": 0.9807692307692307,
    ".": 1.0,
    "%": 0.9807692307692307
  },
  "perClassValSamples": {
    "0": 148,
    "1": 122,
    "2": 63,
    "3": 40,
    "4": 60,
    "5": 30,
    "6": 52,
    "7": 48,
    "8": 55,
    "9": 52,
    ".": 46,
    "%": 104
  },
  "confusionMatrix": [
    [
      142,
      0,
      0,
      1,
      0,
      0,
      0,
      0,
      0,
      0,
      0,
      5
    ],
    [
      0,
      118,
      2,
      0,
      0,
      0,
      1,
      0,
      0,
      1,
      0,
      0
    ],
    [
      1,
      0,
      62,
      0,
      0,
      0,
      0,
      0,
      0,
      0,
      0,
      0
    ],
    [
      0,
      0,
      0,
      40,
      0,
      0,
      0,
      0,
      0,
      0,
      0,
      0
    ],
    [
      0,
      0,
      0,
      0,
      59,
      0,
      1,
      0,
      0,
      0,
      0,
      0
    ],
    [
      0,
      0,
      0,
      0,
      0,
      30,
      0,
      0,
      0,
      0,
      0,
      0
    ],
    [
      1,
      0,
      0,
      0,
      1,
      0,
      47,
      0,
      2,
      0,
      0,
      1
    ],
    [
      0,
      0,
      0,
      0,
      0,
      0,
      0,
      48,
      0,
      0,
      0,
      0
    ],
    [
      0,
      0,
      0,
      0,
      0,
      0,
      0,
      0,
      55,
      0,
      0,
      0
    ],
    [
      1,
      0,
      0,
      0,
      0,
      0,
      0,
      0,
      0,
      51,
      0,
      0
    ],
    [
      0,
      0,
      0,
      0,
      0,
      0,
      0,
      0,
      0,
      0,
      46,
      0
    ],
    [
      2,
      0,
      0,
      0,
      0,
      0,
      0,
      0,
      0,
      0,
      0,
      102
    ]
  ],
  "augmentationPerSample": 8,
  "trainedAt": "2026-06-10T21:20:02",
  "trainingSeconds": 161.83059310913086,
  "modelPath": "C:\\Users\\prjgn\\AppData\\Roaming\\ShipBit\\WingmanAI\\custom_skills\\SC_Toolbox_Beta_V1.2\\tools\\Mining_Signals\\ocr\\models\\model_hud_rgb_cnn.onnx",
  "stagingDir": "C:\\Users\\prjgn\\AppData\\Roaming\\ShipBit\\WingmanAI\\custom_skills\\SC_Toolbox_Beta_V1.2\\tools\\Mining_Signals\\training_data_user_panel_rgb",
  "notes": "HUD-specific RGB per-glyph CNN. 12 classes (0-9, '.', '%') covering mass / resistance / instability fields. RGB twin of model_hud_cnn.onnx; preserves cyan-vs-bg colour and chromatic-aberration patterns that the grayscale CNN collapses to luma. Trained ONLY on HUD-registered sources (training_data_user_panel_rgb/ extracted from training_data_hud_crops/). Never shares training data with the signature RGB CNN \u2014 HUD font and Signature font are structurally different."
}