{
  "kind": "signal_rgb",
  "version": "aspect_28x20",
  "charClasses": "0123456789@",
  "numClasses": 11,
  "inputShape": [
    1,
    3,
    28,
    20
  ],
  "valAccuracy": 0.9850299401197605,
  "trainSamples": 3782,
  "valSamples": 668,
  "perClassCounts": {
    "0": 400,
    "1": 400,
    "2": 400,
    "3": 400,
    "4": 400,
    "5": 400,
    "6": 400,
    "7": 400,
    "8": 400,
    "9": 400,
    "@": 450
  },
  "perClassValAccuracy": {
    "0": 0.9692307692307692,
    "1": 1.0,
    "2": 0.9830508474576272,
    "3": 1.0,
    "4": 0.98,
    "5": 0.9838709677419355,
    "6": 0.9836065573770492,
    "7": 0.9666666666666667,
    "8": 0.9824561403508771,
    "9": 0.9855072463768116,
    "@": 1.0
  },
  "perClassValSamples": {
    "0": 65,
    "1": 54,
    "2": 59,
    "3": 69,
    "4": 50,
    "5": 62,
    "6": 61,
    "7": 60,
    "8": 57,
    "9": 69,
    "@": 62
  },
  "perClassDigitSources": {
    "0": {
      "sig_src": 200,
      "pan_src": 189,
      "live_28x20_src": 56,
      "total_after_balance": 400
    },
    "1": {
      "sig_src": 200,
      "pan_src": 94,
      "live_28x20_src": 27,
      "total_after_balance": 400
    },
    "2": {
      "sig_src": 200,
      "pan_src": 102,
      "live_28x20_src": 14,
      "total_after_balance": 400
    },
    "3": {
      "sig_src": 200,
      "pan_src": 92,
      "live_28x20_src": 5,
      "total_after_balance": 400
    },
    "4": {
      "sig_src": 200,
      "pan_src": 123,
      "live_28x20_src": 6,
      "total_after_balance": 400
    },
    "5": {
      "sig_src": 200,
      "pan_src": 95,
      "live_28x20_src": 10,
      "total_after_balance": 400
    },
    "6": {
      "sig_src": 200,
      "pan_src": 76,
      "live_28x20_src": 5,
      "total_after_balance": 400
    },
    "7": {
      "sig_src": 200,
      "pan_src": 75,
      "live_28x20_src": 15,
      "total_after_balance": 400
    },
    "8": {
      "sig_src": 200,
      "pan_src": 69,
      "live_28x20_src": 7,
      "total_after_balance": 400
    },
    "9": {
      "sig_src": 200,
      "pan_src": 55,
      "live_28x20_src": 0,
      "total_after_balance": 400
    }
  },
  "trainedAt": "2026-05-10T14:33:21",
  "trainingSeconds": 41.6770384311676,
  "modelPath": "C:\\Users\\prjgn\\AppData\\Local\\SC_Toolbox\\current\\tools\\Mining_Signals\\ocr\\models\\model_signal_rgb_aspect_28x20.onnx",
  "digitStagingDir": "C:\\Users\\prjgn\\AppData\\Local\\SC_Toolbox\\current\\tools\\Mining_Signals\\_aspect_28x20_digit_staging_rgb",
  "iconStagingDir": "C:\\Users\\prjgn\\AppData\\Local\\SC_Toolbox\\current\\tools\\Mining_Signals\\_aspect_28x20_icon_staging_rgb",
  "iconSampleSources": {
    "realDerivedAugs": 150,
    "colorizedSynthetic": 300,
    "excludedReals": [
      "pending_cap_20260418_155503_607_rgb.png"
    ]
  },
  "notes": "Aspect-matched experiment: same training corpus and architecture as v3, but input is 28-tall x 20-wide (matching SC HUD digits' natural ~0.6 wide:tall aspect) instead of 28x28. Goal: see if not horizontally stretching narrow digits during the resize improves classification of the digits the 28x28 model misreads ('5' as '3', '0' as '7' / '8'). Flatten dim adjusts from 64*7*7 to 64*7*5; everything else identical to v3.",
  "spotCheck": {
    "cap_20260418_085431_378": {
      "expected": "5",
      "label": "11,520",
      "v3_28x28_pred": "5",
      "v3_28x28_conf": 0.9997953772544861,
      "new_28x20_pred": "5",
      "new_28x20_conf": 0.629250168800354,
      "claimed_28x28_misread_as": "3",
      "x1": 121,
      "x2": 138
    },
    "cap_20260418_085436_978": {
      "expected": "0",
      "label": "21,200",
      "v3_28x28_pred": "0",
      "v3_28x28_conf": 1.0,
      "new_28x20_pred": "0",
      "new_28x20_conf": 0.9999980926513672,
      "claimed_28x28_misread_as": "7",
      "x1": 159,
      "x2": 170
    },
    "cap_20260418_085400_739": {
      "expected": "0",
      "label": "17,020",
      "v3_28x28_pred": "0",
      "v3_28x28_conf": 1.0,
      "new_28x20_pred": "0",
      "new_28x20_conf": 0.9999750852584839,
      "claimed_28x28_misread_as": "8",
      "x1": 157,
      "x2": 169
    }
  }
}