{
  "kind": "hud",
  "version": "v1",
  "charClasses": "0123456789.%",
  "numClasses": 12,
  "inputShape": [
    1,
    1,
    28,
    28
  ],
  "valAccuracy": 0.9974768713204374,
  "trainSamples": 6737,
  "valSamples": 1189,
  "perClassCounts": {
    "0": 189,
    "1": 94,
    "2": 102,
    "3": 92,
    "4": 123,
    "5": 95,
    "6": 76,
    "7": 75,
    "8": 69,
    "9": 55,
    ".": 166,
    "%": 185
  },
  "perClassValAccuracy": {
    "0": 1.0,
    "1": 1.0,
    "2": 0.9888888888888889,
    "3": 1.0,
    "4": 0.9897959183673469,
    "5": 1.0,
    "6": 0.9836065573770492,
    "7": 1.0,
    "8": 1.0,
    "9": 1.0,
    ".": 1.0,
    "%": 1.0
  },
  "perClassValSamples": {
    "0": 173,
    "1": 91,
    "2": 90,
    "3": 83,
    "4": 98,
    "5": 94,
    "6": 61,
    "7": 64,
    "8": 65,
    "9": 57,
    ".": 132,
    "%": 181
  },
  "confusionMatrix": [
    [
      173,
      0,
      0,
      0,
      0,
      0,
      0,
      0,
      0,
      0,
      0,
      0
    ],
    [
      0,
      91,
      0,
      0,
      0,
      0,
      0,
      0,
      0,
      0,
      0,
      0
    ],
    [
      0,
      0,
      89,
      0,
      0,
      0,
      0,
      1,
      0,
      0,
      0,
      0
    ],
    [
      0,
      0,
      0,
      83,
      0,
      0,
      0,
      0,
      0,
      0,
      0,
      0
    ],
    [
      0,
      0,
      1,
      0,
      97,
      0,
      0,
      0,
      0,
      0,
      0,
      0
    ],
    [
      0,
      0,
      0,
      0,
      0,
      94,
      0,
      0,
      0,
      0,
      0,
      0
    ],
    [
      1,
      0,
      0,
      0,
      0,
      0,
      60,
      0,
      0,
      0,
      0,
      0
    ],
    [
      0,
      0,
      0,
      0,
      0,
      0,
      0,
      64,
      0,
      0,
      0,
      0
    ],
    [
      0,
      0,
      0,
      0,
      0,
      0,
      0,
      0,
      65,
      0,
      0,
      0
    ],
    [
      0,
      0,
      0,
      0,
      0,
      0,
      0,
      0,
      0,
      57,
      0,
      0
    ],
    [
      0,
      0,
      0,
      0,
      0,
      0,
      0,
      0,
      0,
      0,
      132,
      0
    ],
    [
      0,
      0,
      0,
      0,
      0,
      0,
      0,
      0,
      0,
      0,
      0,
      181
    ]
  ],
  "augmentationPerSample": 6,
  "trainedAt": "2026-05-11T22:16:37",
  "trainingSeconds": 20.150455713272095,
  "modelPath": "C:\\Users\\prjgn\\AppData\\Local\\SC_Toolbox\\current\\tools\\Mining_Signals\\ocr\\models\\model_hud_cnn.onnx",
  "stagingDir": "C:\\Users\\prjgn\\AppData\\Roaming\\ShipBit\\WingmanAI\\custom_skills\\SC_Toolbox_Beta_V1.2\\tools\\Mining_Signals\\training_data_user_panel",
  "notes": "HUD-specific grayscale per-glyph CNN. 12 classes (0-9, '.', '%') covering mass / resistance / instability fields. Trained ONLY on HUD-registered sources (training_data_user_panel/) \u2014 never on signature staging dirs. The HUD font differs from the signature font (smaller glyph height, different stroke weight), so the signature CNN is a poor substitute for HUD glyphs. Replaces the shipped model_cnn.onnx which has no provenance info but was trained on a similar alphabet; this one's val accuracy + confusion matrix are documented in this JSON sidecar."
}