{
  "classes": [
    "0",
    "1",
    "2",
    "3",
    "4",
    "5",
    "6",
    "7",
    "8",
    "9",
    ".",
    "%"
  ],
  "samples": 1325,
  "val_accuracy": 0.9999999403953552,
  "model_type": "CNN (Conv2d-32, Conv2d-64, FC-128)",
  "training_seconds": 54.4627730846405,
  "epochs": 60,
  "lr": 0.001
}